Mira,Danher,425-594-7949,mdanher0@webnode.com,19/05/1975
Morganne,Strugnell,342-621-5181,mstrugnell1@ed.gov,26/11/1962
Vivyanne,Shippam,715-882-4895,vshippam2@ucoz.com,10/01/1996
Andrei,Gudeman,287-873-0649,agudeman3@ed.gov,06/02/1957
Cecilio,Crocetti,906-592-8069,ccrocetti4@lulu.com,08/08/1987
Marji,Rymell,841-920-3080,mrymell5@github.com,02/03/1956
Myrna,Stayte,894-434-6479,mstayte6@uiuc.edu,20/07/1966
Adaline,Farmer,166-395-3780,afarmer7@ucsd.edu,14/02/1962
Rachael,Sumers,350-194-7562,rsumers8@huffingtonpost.com,13/06/2009
Randal,Oldfield-Cherry,452-381-0295,roldfieldcherry9@woothemes.com,25/04/2003
Agatha,Twitching,401-303-2486,atwitchinga@alexa.com,06/05/1986
Mellisent,Hazeldene,897-689-0152,mhazeldeneb@usnews.com,05/06/1993
Alasteir,Abramski,194-344-9594,aabramskic@tuttocitta.it,26/11/1961
Em,Rao,965-128-4585,eraod@cdbaby.com,16/03/1962
Emelyne,Rembrant,360-610-9847,erembrante@slate.com,05/11/2007
Roxanna,Bollans,117-303-0753,rbollansf@furl.net,02/08/1969
Cherish,Jursch,365-533-4377,cjurschg@google.fr,08/01/2001
Marian,Halliwell,719-549-6226,mhalliwellh@linkedin.com,28/06/1991
Torr,Enright,776-981-4432,tenrighti@eventbrite.com,07/06/1965
Corbin,Jeanon,318-286-7441,cjeanonj@macromedia.com,27/01/2009
Charmain,Recher,195-752-3416,crecherk@irs.gov,25/03/1999
Flemming,Verlinde,841-529-3742,fverlindel@eventbrite.com,08/08/1990
Annabella,Dunkley,371-862-7604,adunkleym@wp.com,09/02/2000
Halette,Purle,540-549-9927,hpurlen@jiathis.com,19/01/1963
Tresa,Bartomeu,200-429-8903,tbartomeuo@comsenz.com,24/07/1951
Merrilee,Mease,425-284-4366,mmeasep@shutterfly.com,19/10/2007
Carlita,Curror,721-140-8059,ccurrorq@slate.com,03/10/1950
Ezra,Swancock,158-137-7209,eswancockr@mayoclinic.com,10/07/2009
Lola,Itscovitz,850-974-5018,litscovitzs@slate.com,17/10/1995
Darcee,Witchalls,403-522-7098,dwitchallst@macromedia.com,22/12/2001
Noami,Graser,563-847-9423,ngraseru@ebay.com,23/06/1994
Dix,Jachimak,352-101-9798,djachimakv@elegantthemes.com,01/12/1971
Henderson,Swatradge,738-304-7201,hswatradgew@yahoo.co.jp,08/08/1990
Nicola,Armatage,219-309-4327,narmatagex@irs.gov,23/12/1960
Tim,Beelby,241-881-1622,tbeelbyy@google.ru,21/11/1970
Tomaso,Brittian,384-422-4632,tbrittianz@house.gov,24/01/1984
Bella,Adderson,617-835-1383,badderson10@printfriendly.com,17/11/1971
Kearney,Eley,904-688-9279,keley11@theglobeandmail.com,07/05/2008
Sherie,Phillpot,115-956-0352,sphillpot12@istockphoto.com,13/02/1959
Debee,Poupard,895-801-1343,dpoupard13@example.com,20/08/1993
Jodie,Butland,336-974-6713,jbutland14@cnbc.com,22/02/1986
Othilia,Douglass,594-753-9618,odouglass15@istockphoto.com,12/01/1998
Rudy,Fulmen,280-226-7092,rfulmen16@slideshare.net,04/09/1953
Crosby,Pappin,127-841-8232,cpappin17@youtu.be,17/02/1985
Cullie,Tydd,422-609-8219,ctydd18@seattletimes.com,20/11/1987
Nonna,Sugars,702-433-6049,nsugars19@google.co.jp,07/10/1950
Maxi,Headley,600-505-2827,mheadley1a@cyberchimps.com,27/04/1955
Garry,Ost,406-224-3378,gost1b@ask.com,15/10/1995
Nora,Longfield,423-845-2693,nlongfield1c@taobao.com,09/05/1999
Gherardo,Totton,533-381-6356,gtotton1d@desdev.cn,25/01/1953
Dotty,Dilleston,407-546-8935,ddilleston1e@geocities.com,01/06/2004
Mohandis,MacAlinden,796-678-8394,mmacalinden1f@nifty.com,06/01/2002
Patti,Dismore,659-317-3836,pdismore1g@phpbb.com,21/07/1964
Dom,Winsper,482-646-2409,dwinsper1h@studiopress.com,31/07/2009
Cris,Burchnall,906-437-1787,cburchnall1i@devhub.com,11/10/1976
Claiborne,Maymand,992-518-1618,cmaymand1j@illinois.edu,12/08/2003
Fanchette,Pickaver,593-173-0280,fpickaver1k@merriam-webster.com,21/12/1964
Almeta,Fowden,839-269-1230,afowden1l@arstechnica.com,15/08/1985
Maressa,Snadden,631-254-5642,msnadden1m@histats.com,20/07/2001
Tait,Bunton,369-519-9039,tbunton1n@domainmarket.com,19/05/1965
Katharine,Frisel,284-876-5368,kfrisel1o@friendfeed.com,08/03/1994
Zachery,Mapston,872-638-8607,zmapston1p@theguardian.com,22/10/1976
Issiah,Lannin,432-173-5997,ilannin1q@1und1.de,02/09/1996
Lindy,Gheorghescu,919-458-4339,lgheorghescu1r@exblog.jp,27/04/2005
Flore,Dabney,883-966-6654,fdabney1s@hao123.com,30/10/1998
Yvette,Haller,828-750-6348,yhaller1t@dion.ne.jp,03/06/1965
Pauli,Laherty,577-925-3346,plaherty1u@sourceforge.net,06/05/1967
Thedric,Greenman,666-926-8495,tgreenman1v@bloglines.com,04/04/1988
Silvanus,Goble,649-909-5843,sgoble1w@unesco.org,10/03/1991
Brent,Gerler,305-419-9711,bgerler1x@tuttocitta.it,23/02/1984
Ebenezer,Le feaver,773-307-9727,elefeaver1y@ucoz.com,27/06/2002
Leticia,Benge,668-181-0046,lbenge1z@scribd.com,05/02/1988
Alasdair,Siward,718-712-4033,asiward20@umn.edu,26/09/2000
Noell,Dobkin,552-322-8108,ndobkin21@simplemachines.org,25/06/1997
Susann,Beaves,167-764-3665,sbeaves22@omniture.com,17/06/1977
Wilmer,Couzens,418-409-6527,wcouzens23@cyberchimps.com,11/11/1962
Kellen,Eckford,420-558-0679,keckford24@psu.edu,27/10/2000
Benedicta,Cheine,433-756-9649,bcheine25@discovery.com,21/11/1960
Tarra,Kretschmer,770-970-9363,tkretschmer26@pbs.org,23/07/1979
Natalya,Whiteway,847-191-7966,nwhiteway27@shutterfly.com,14/03/2000
Maria,Tyre,949-716-9990,mtyre28@bloomberg.com,04/05/2009
Jackson,Cargen,188-335-3009,jcargen29@usnews.com,09/03/1991
Ree,Newbegin,584-772-0242,rnewbegin2a@indiegogo.com,19/06/1972
Van,Lindner,874-789-6236,vlindner2b@purevolume.com,28/12/2000
Sherline,Cordaroy,582-660-8198,scordaroy2c@goodreads.com,04/04/1951
Shannah,Birchner,928-396-1332,sbirchner2d@nature.com,22/09/1974
Lazarus,Yapp,736-441-7663,lyapp2e@hubpages.com,30/10/1951
Devy,Tribell,382-835-3472,dtribell2f@smh.com.au,19/06/1962
Ingaberg,Redgewell,382-159-4683,iredgewell2g@xing.com,01/04/1969
Isacco,Waterfield,323-927-7241,iwaterfield2h@g.co,21/01/1967
Felicia,Brychan,397-836-8173,fbrychan2i@ehow.com,08/03/2004
Ulrikaumeko,Melmar,227-228-0267,umelmar2j@blogspot.com,12/06/2010
Ulrika,Livzey,285-243-1835,ulivzey2k@bloglovin.com,24/01/2003
Bernita,Moorfield,189-593-1654,bmoorfield2l@creativecommons.org,30/05/2010
Linus,Hof,700-369-3777,lhof2m@flickr.com,21/09/2002
Enos,Willock,673-400-4914,ewillock2n@reddit.com,19/07/1959
Haley,Grunson,540-468-0234,hgrunson2o@biblegateway.com,20/12/1963
Stanislaus,Bletso,559-720-2684,sbletso2p@ow.ly,10/07/1962
Ravid,Zannetti,605-834-4453,rzannetti2q@tripadvisor.com,01/01/1988
Eugen,Dameisele,747-812-6073,edameisele2r@dion.ne.jp,20/04/1956
